run_id,ncbi_taxon_id,taxon_rank_level,relative_abundance,name,lineage,CDF,CDF1,CDF2,CDF3,CocoaFlavanols,HighCarbohydrateDiet,KiwifruitCapsules,PsylliumHuskFiber,,,,,,,,,,
ERR262943,1200752,strain,0.853256,Escherichia coli NCCP15648,n__cellular organisms__131567,sk__Bacteria__2,p__Pseudomonadota__1224,c__Gammaproteobacteria__1236,o__Enterobacterales__91347,f__Enterobacteriaceae__543,g__Escherichia__561,s__Escherichia coli__562,st__Escherichia coli NCCP15648__1200752,1,0.999875173536484,0.999857639257151,0.999865122867394,1,1,1,1,,
ERR262943,562,species,0.853256,Escherichia coli,n__cellular organisms__131567,sk__Bacteria__2,p__Pseudomonadota__1224,c__Gammaproteobacteria__1236,o__Enterobacterales__91347,f__Enterobacteriaceae__543,g__Escherichia__561,s__Escherichia coli__562,1,0.869713868960974,0.868813752819785,0.869279392815666,1,1,0.999691471334147,0.998206478381735,,,
ERR262943,561,genus,0.853256,Escherichia,n__cellular organisms__131567,sk__Bacteria__2,p__Pseudomonadota__1224,c__Gammaproteobacteria__1236,o__Enterobacterales__91347,f__Enterobacteriaceae__543,g__Escherichia__561,1,0.869305407655044,0.868404788767681,0.868870973767148,0.999997478504233,1,0.999671696054829,0.998101633061185,,,,
ERR262943,543,family,0.854124,Enterobacteriaceae,n__cellular organisms__131567,sk__Bacteria__2,p__Pseudomonadota__1224,c__Gammaproteobacteria__1236,o__Enterobacterales__91347,f__Enterobacteriaceae__543,0.993925853369688,0.814514350484475,0.813384065383188,0.81381883291043,0.995544755395636,0.995877134055701,0.993329953698369,0.989683916113324,,,,,
ERR262943,91347,order,0.854124,Enterobacterales,n__cellular organisms__131567,sk__Bacteria__2,p__Pseudomonadota__1224,c__Gammaproteobacteria__1236,o__Enterobacterales__91347,0.992576480378526,0.810801123692387,0.809678028202996,0.810070579608292,0.994295102717063,0.994464559923298,0.992114426015309,0.98886775614597,,,,,,
ERR262943,1236,class,0.855909,Gammaproteobacteria,n__cellular organisms__131567,sk__Bacteria__2,p__Pseudomonadota__1224,c__Gammaproteobacteria__1236,0.992060202425247,0.796093665249877,0.794172793611199,0.795145152701515,0.993716702972158,0.994059007365586,0.991528360400878,0.988267491732214,,,,,,,
ERR262943,1224,phylum,0.855909,Pseudomonadota,n__cellular organisms__131567,sk__Bacteria__2,p__Pseudomonadota__1224,0.992060202425247,0.530652169978114,0.525954891014164,0.527774831595822,0.993713506896182,0.994059007365586,0.991528360400878,0.988186501489508,,,,,,,,
ERR262943,2,superkingdom,0.998001,Bacteria,n__cellular organisms__131567,sk__Bacteria__2,0.722242579699461,0.0002040399918384,0.0002040399918384,0.0002040399918384,0.909610283615523,0.807386247704495,0.909610283615523,0.444461555921349,,,,,,,,,
ERR262943,131567,no rank,0.998001,cellular organisms,n__cellular organisms__131567,0.652253572737213,0.0002040399918384,0.0002040399918384,0.0002040399918384,0.857988165680413,0.69108345235662,0.857988165680413,0.857988165680413,,,,,,,,,,
ERR262943,1410933,strain,0.000868,Salmonella enterica subsp. enterica serovar Muenster str. CFSAN004344,n__cellular organisms__131567,sk__Bacteria__2,p__Pseudomonadota__1224,c__Gammaproteobacteria__1236,o__Enterobacterales__91347,f__Enterobacteriaceae__543,g__Salmonella__590,s__Salmonella enterica__28901,sus__Salmonella enterica subsp. enterica__59201,n__Salmonella enterica subsp. enterica serovar Muenster__82689,st__Salmonella enterica subsp. enterica serovar Muenster str. CFSAN004344__1410933,0.999868083546986,1,1,1,0.99983689490366,0.99984305839055,0.999813227992454,0.999717208593093
ERR262943,82689,no rank,0.000868,Salmonella enterica subsp. enterica serovar Muenster,n__cellular organisms__131567,sk__Bacteria__2,p__Pseudomonadota__1224,c__Gammaproteobacteria__1236,o__Enterobacterales__91347,f__Enterobacteriaceae__543,g__Salmonella__590,s__Salmonella enterica__28901,sus__Salmonella enterica subsp. enterica__59201,n__Salmonella enterica subsp. enterica serovar Muenster__82689,0.999868083546986,1,1,1,0.99983689490366,0.99984305839055,0.999813227992454,0.999717208593093,
ERR262943,59201,subspecies,0.000868,Salmonella enterica subsp. enterica,n__cellular organisms__131567,sk__Bacteria__2,p__Pseudomonadota__1224,c__Gammaproteobacteria__1236,o__Enterobacterales__91347,f__Enterobacteriaceae__543,g__Salmonella__590,s__Salmonella enterica__28901,sus__Salmonella enterica subsp. enterica__59201,0.99745586184668,1,1,1,0.997019758237761,0.997102289194792,0.996628723550417,0.994977502231485,,
ERR262943,28901,species,0.000868,Salmonella enterica,n__cellular organisms__131567,sk__Bacteria__2,p__Pseudomonadota__1224,c__Gammaproteobacteria__1236,o__Enterobacterales__91347,f__Enterobacteriaceae__543,g__Salmonella__590,s__Salmonella enterica__28901,0.997089427255255,1,1,1,0.996611678254084,0.996694209211115,0.99622064356674,0.99436538225597,,,
ERR262943,590,genus,0.000868,Salmonella,n__cellular organisms__131567,sk__Bacteria__2,p__Pseudomonadota__1224,c__Gammaproteobacteria__1236,o__Enterobacterales__91347,f__Enterobacteriaceae__543,g__Salmonella__590,0.997089427255255,1,1,1,0.996611678254084,0.996694209211115,0.99622064356674,0.99436538225597,,,,
ERR262943,1440766,strain,0.001785,Xanthomonas pisi DSM 18956,n__cellular organisms__131567,sk__Bacteria__2,p__Pseudomonadota__1224,c__Gammaproteobacteria__1236,o__Xanthomonadales__135614,f__Xanthomonadaceae__32033,g__Xanthomonas__338,s__Xanthomonas pisi__56457,st__Xanthomonas pisi DSM 18956__1440766,1,1,1,1,1,1,1,1,,
ERR262943,56457,species,0.001785,Xanthomonas pisi,n__cellular organisms__131567,sk__Bacteria__2,p__Pseudomonadota__1224,c__Gammaproteobacteria__1236,o__Xanthomonadales__135614,f__Xanthomonadaceae__32033,g__Xanthomonas__338,s__Xanthomonas pisi__56457,1,1,1,1,1,1,1,1,,,
ERR262943,338,genus,0.001785,Xanthomonas,n__cellular organisms__131567,sk__Bacteria__2,p__Pseudomonadota__1224,c__Gammaproteobacteria__1236,o__Xanthomonadales__135614,f__Xanthomonadaceae__32033,g__Xanthomonas__338,0.999559458775564,1,1,1,0.999496553521973,0.999501155273646,0.999478883451415,0.999427473040911,,,,
ERR262943,32033,family,0.001785,Xanthomonadaceae,n__cellular organisms__131567,sk__Bacteria__2,p__Pseudomonadota__1224,c__Gammaproteobacteria__1236,o__Xanthomonadales__135614,f__Xanthomonadaceae__32033,0.999009806888426,0.999877403259385,0.99987511412493,0.999876088421174,0.998884433546458,0.998889035298131,0.9988667634759,0.998815353065396,,,,,
ERR262943,135614,order,0.001785,Xanthomonadales,n__cellular organisms__131567,sk__Bacteria__2,p__Pseudomonadota__1224,c__Gammaproteobacteria__1236,o__Xanthomonadales__135614,0.999009806888426,0.999877403259385,0.99987511412493,0.999876088421174,0.998884433546458,0.998889035298131,0.9988667634759,0.998815353065396,,,,,,
ERR262943,1680,species,0.009797,Bifidobacterium adolescentis,n__cellular organisms__131567,sk__Bacteria__2,cl__Terrabacteria group__1783272,p__Actinomycetota__201174,c__Actinomycetes__1760,o__Bifidobacteriales__85004,f__Bifidobacteriaceae__31953,g__Bifidobacterium__1678,s__Bifidobacterium adolescentis__1680,0.771487317291572,0.797775430596011,0.794970099636947,0.794450204605897,0.763534497501712,0.765956881597155,0.753603843343032,0.724477399305074,,
ERR262943,1678,genus,0.012552,Bifidobacterium,n__cellular organisms__131567,sk__Bacteria__2,cl__Terrabacteria group__1783272,p__Actinomycetota__201174,c__Actinomycetes__1760,o__Bifidobacteriales__85004,f__Bifidobacteriaceae__31953,g__Bifidobacterium__1678,0.56591308596339,0.528037577159319,0.554691242212873,0.525886459588073,0.803424711835585,0.56279324526799,0.545031762301834,0.495068172559638,,,
ERR262943,31953,family,0.012552,Bifidobacteriaceae,n__cellular organisms__131567,sk__Bacteria__2,cl__Terrabacteria group__1783272,p__Actinomycetota__201174,c__Actinomycetes__1760,o__Bifidobacteriales__85004,f__Bifidobacteriaceae__31953,0.56591308596339,0.526502698029611,0.553080654273372,0.530525594015769,0.803424711835585,0.56279324526799,0.542411733940558,0.494321848358657,,,,
ERR262943,85004,order,0.012552,Bifidobacteriales,n__cellular organisms__131567,sk__Bacteria__2,cl__Terrabacteria group__1783272,p__Actinomycetota__201174,c__Actinomycetes__1760,o__Bifidobacteriales__85004,0.56591308596339,0.526502698029611,0.553080654273372,0.530525594015769,0.803424711835585,0.56279324526799,0.542411733940558,0.494321848358657,,,,,
ERR262943,1760,class,0.012552,Actinomycetes,n__cellular organisms__131567,sk__Bacteria__2,cl__Terrabacteria group__1783272,p__Actinomycetota__201174,c__Actinomycetes__1760,0.561332653570573,0.519839888659355,0.54843714201512,0.522543609830191,0.802583911307646,0.559730767964385,0.538189015348521,0.488980460670039,,,,,,
ERR262943,201174,phylum,0.012552,Actinomycetota,n__cellular organisms__131567,sk__Bacteria__2,cl__Terrabacteria group__1783272,p__Actinomycetota__201174,0.451972960984334,0.337034518145854,0.37832861825421,0.345532727890694,0.739052281318646,0.439063528923674,0.4052711504582,0.337203291986706,,,,,,,
ERR262943,1783272,clade,0.0295949999999999,Terrabacteria group,n__cellular organisms__131567,sk__Bacteria__2,cl__Terrabacteria group__1783272,0.0091076215072031,0.0002040399918384,0.0002040399918384,0.0002040399918384,0.0364134454616206,0.0212048120908964,0.123118440813557,0.483270579565328,,,,,,,,
ERR262943,1161745,strain,0.002755,Bifidobacterium longum subsp. longum 2-2B,n__cellular organisms__131567,sk__Bacteria__2,cl__Terrabacteria group__1783272,p__Actinomycetota__201174,c__Actinomycetes__1760,o__Bifidobacteriales__85004,f__Bifidobacteriaceae__31953,g__Bifidobacterium__1678,s__Bifidobacterium longum__216816,sus__Bifidobacterium longum subsp. longum__1679,st__Bifidobacterium longum subsp. longum 2-2B__1161745,0.981624244815791,0.992803318410914,0.992751680058353,0.992772581862358,0.980659438358299,0.980741717309575,0.980506693773168,0.97921775523891
ERR262943,1679,subspecies,0.002755,Bifidobacterium longum subsp. longum,n__cellular organisms__131567,sk__Bacteria__2,cl__Terrabacteria group__1783272,p__Actinomycetota__201174,c__Actinomycetes__1760,o__Bifidobacteriales__85004,f__Bifidobacteriaceae__31953,g__Bifidobacterium__1678,s__Bifidobacterium longum__216816,sus__Bifidobacterium longum subsp. longum__1679,0.821815791175316,0.908874502842548,0.90827020796126,0.908315656607976,0.815310801471356,0.817270570982299,0.810741042792408,0.796878468115518,
ERR262943,216816,species,0.002755,Bifidobacterium longum,n__cellular organisms__131567,sk__Bacteria__2,cl__Terrabacteria group__1783272,p__Actinomycetota__201174,c__Actinomycetes__1760,o__Bifidobacteriales__85004,f__Bifidobacteriaceae__31953,g__Bifidobacterium__1678,s__Bifidobacterium longum__216816,0.606103171694917,0.784818746605742,0.780121429662764,0.777294283807482,0.591831906860924,0.597767877199508,0.577617010333176,0.529259038620612,,
ERR262943,2293203,species,0.0070309999999999,Ruminococcus sp. AM31-32,n__cellular organisms__131567,sk__Bacteria__2,cl__Terrabacteria group__1783272,p__Bacillota__1239,c__Clostridia__186801,o__Eubacteriales__186802,f__Oscillospiraceae__216572,g__Ruminococcus__1263,n__unclassified Ruminococcus__2608920,s__Ruminococcus sp. AM31-32__2293203,0.939003279022849,0.945469298984606,0.945371179816781,0.9454116668998,0.937111026282301,0.937140950790264,0.936996120436709,0.936502392582128,
ERR262943,2608920,no rank,0.0070309999999999,unclassified Ruminococcus,n__cellular organisms__131567,sk__Bacteria__2,cl__Terrabacteria group__1783272,p__Bacillota__1239,c__Clostridia__186801,o__Eubacteriales__186802,f__Oscillospiraceae__216572,g__Ruminococcus__1263,n__unclassified Ruminococcus__2608920,0.407961189797166,0.38908112055067,0.380561289006237,0.367120418003535,0.380435603476015,0.385048294322346,0.35948280460337,0.296927183902002,,
ERR262943,1263,genus,0.0070309999999999,Ruminococcus,n__cellular organisms__131567,sk__Bacteria__2,cl__Terrabacteria group__1783272,p__Bacillota__1239,c__Clostridia__186801,o__Eubacteriales__186802,f__Oscillospiraceae__216572,g__Ruminococcus__1263,0.330243449981669,0.275773111388627,0.334853915895705,0.298693650710938,0.301787148393453,0.304548103357591,0.286420459726089,0.232969232624788,,,
ERR262943,216572,family,0.0126109999999999,Oscillospiraceae,n__cellular organisms__131567,sk__Bacteria__2,cl__Terrabacteria group__1783272,p__Bacillota__1239,c__Clostridia__186801,o__Eubacteriales__186802,f__Oscillospiraceae__216572,0.0588283751040363,0.0310166010694744,0.0331789207305051,0.0322030609024395,0.0488871367122709,0.0500510610390771,0.614262265878595,0.369370928811015,,,,
ERR262943,186802,order,0.0126109999999999,Eubacteriales,n__cellular organisms__131567,sk__Bacteria__2,cl__Terrabacteria group__1783272,p__Bacillota__1239,c__Clostridia__186801,o__Eubacteriales__186802,0.0503633064912548,0.0221343553916662,0.0252169688900483,0.024845390075387,0.0431118858627235,0.0436840134907502,0.46674681191854,0.655415370890811,,,,,
ERR262943,186801,class,0.0143769999999999,Clostridia,n__cellular organisms__131567,sk__Bacteria__2,cl__Terrabacteria group__1783272,p__Bacillota__1239,c__Clostridia__186801,0.033615632357228,0.0152926274852217,0.0170023969346256,0.0167948702246136,0.0363530522454242,0.0594249243327179,0.203799072810476,0.668874621297751,,,,,,
ERR262943,1239,phylum,0.0170429999999999,Bacillota,n__cellular organisms__131567,sk__Bacteria__2,cl__Terrabacteria group__1783272,p__Bacillota__1239,0.012227616953707,0.0002040399918384,0.0002040399918384,0.0003830703643563,0.0147426651946119,0.0242604720398697,0.141712310003219,0.54998159450589,,,,,,,
ERR262943,718252,strain,0.003498,Faecalibacterium prausnitzii L2-6,n__cellular organisms__131567,sk__Bacteria__2,cl__Terrabacteria group__1783272,p__Bacillota__1239,c__Clostridia__186801,o__Eubacteriales__186802,f__Oscillospiraceae__216572,g__Faecalibacterium__216851,s__Faecalibacterium prausnitzii__853,st__Faecalibacterium prausnitzii L2-6__718252,0.716729404710288,0.806385140023515,0.804580812103525,0.804717092916477,0.716896190185986,0.718704398409818,0.714351670105283,0.709427830560575,
ERR262943,853,species,0.003498,Faecalibacterium prausnitzii,n__cellular organisms__131567,sk__Bacteria__2,cl__Terrabacteria group__1783272,p__Bacillota__1239,c__Clostridia__186801,o__Eubacteriales__186802,f__Oscillospiraceae__216572,g__Faecalibacterium__216851,s__Faecalibacterium prausnitzii__853,0.172926590936853,0.138652535815854,0.135264785546765,0.129623078871689,0.153998760838037,0.157081955417941,0.699832532914643,0.115783721727552,,
ERR262943,216851,genus,0.003498,Faecalibacterium,n__cellular organisms__131567,sk__Bacteria__2,cl__Terrabacteria group__1783272,p__Bacillota__1239,c__Clostridia__186801,o__Eubacteriales__186802,f__Oscillospiraceae__216572,g__Faecalibacterium__216851,0.0955770967047338,0.0769548922590008,0.0856620222101155,0.0819104815515471,0.0838400357174728,0.0846022249712794,0.253902788589737,0.0798871408961395,,,
ERR262943,2086273,species,0.002082,Subdoligranulum sp. APC924/74,n__cellular organisms__131567,sk__Bacteria__2,cl__Terrabacteria group__1783272,p__Bacillota__1239,c__Clostridia__186801,o__Eubacteriales__186802,f__Oscillospiraceae__216572,g__Subdoligranulum__292632,n__unclassified Subdoligranulum__2685293,s__Subdoligranulum sp. APC924/74__2086273,0.399633565408556,0.539277112719304,0.536469590457661,0.533283447375782,0.381287060638878,0.383923251310948,0.374563700434448,0.354755840362201,
ERR262943,2685293,no rank,0.002082,unclassified Subdoligranulum,n__cellular organisms__131567,sk__Bacteria__2,cl__Terrabacteria group__1783272,p__Bacillota__1239,c__Clostridia__186801,o__Eubacteriales__186802,f__Oscillospiraceae__216572,g__Subdoligranulum__292632,n__unclassified Subdoligranulum__2685293,0.294109563942833,0.444925582124624,0.436846692141862,0.425366400894832,0.266223955228796,0.270341343139143,0.251465045654509,0.207078300736206,,
ERR262943,292632,genus,0.002082,Subdoligranulum,n__cellular organisms__131567,sk__Bacteria__2,cl__Terrabacteria group__1783272,p__Bacillota__1239,c__Clostridia__186801,o__Eubacteriales__186802,f__Oscillospiraceae__216572,g__Subdoligranulum__292632,0.290628435324292,0.449902363960669,0.431352952420056,0.43282301675806,0.262755275367544,0.266615216302682,0.247792325801418,0.20524194080966,,,
ERR262943,301302,species,0.001766,Roseburia faecis,n__cellular organisms__131567,sk__Bacteria__2,cl__Terrabacteria group__1783272,p__Bacillota__1239,c__Clostridia__186801,o__Lachnospirales__3085636,f__Lachnospiraceae__186803,g__Roseburia__841,s__Roseburia faecis__301302,0.407161178872409,0.612486008490789,0.609098175216604,0.600595964002409,0.375695236421493,0.378562560852721,0.358908037696455,0.313255007364913,,
ERR262943,841,genus,0.001766,Roseburia,n__cellular organisms__131567,sk__Bacteria__2,cl__Terrabacteria group__1783272,p__Bacillota__1239,c__Clostridia__186801,o__Lachnospirales__3085636,f__Lachnospiraceae__186803,g__Roseburia__841,0.127719111229556,0.102528131803024,0.0988604756839088,0.104979196050999,0.0982766143021077,0.662225834455255,0.0967703932762445,0.0906145025162416,,,
ERR262943,186803,family,0.001766,Lachnospiraceae,n__cellular organisms__131567,sk__Bacteria__2,cl__Terrabacteria group__1783272,p__Bacillota__1239,c__Clostridia__186801,o__Lachnospirales__3085636,f__Lachnospiraceae__186803,0.0363587909475514,0.0251694552947429,0.0246974641297513,0.0251876104755695,0.0702587666133287,0.161538590087423,0.0349513657511945,0.0253073004945835,,,,
ERR262943,3085636,order,0.001766,Lachnospirales,n__cellular organisms__131567,sk__Bacteria__2,cl__Terrabacteria group__1783272,p__Bacillota__1239,c__Clostridia__186801,o__Lachnospirales__3085636,0.0360119701966532,0.0249503674346833,0.0242769578986222,0.0249661390589149,0.0687788915245761,0.159245525919067,0.0343150754427915,0.0251001270957029,,,,,
ERR262943,592028,strain,0.002666,Dialister invisus DSM 15470,n__cellular organisms__131567,sk__Bacteria__2,cl__Terrabacteria group__1783272,p__Bacillota__1239,c__Negativicutes__909932,o__Veillonellales__1843489,f__Veillonellaceae__31977,g__Dialister__39948,s__Dialister invisus__218538,st__Dialister invisus DSM 15470__592028,0.753499450348046,0.839055615498281,0.837169450639281,0.837444217657119,0.752345135848727,0.753765523477189,0.747871208146766,0.739044220070072,
ERR262943,218538,species,0.002666,Dialister invisus,n__cellular organisms__131567,sk__Bacteria__2,cl__Terrabacteria group__1783272,p__Bacillota__1239,c__Negativicutes__909932,o__Veillonellales__1843489,f__Veillonellaceae__31977,g__Dialister__39948,s__Dialister invisus__218538,0.753499450348046,0.839055615498281,0.837169450639281,0.837444217657119,0.752345135848727,0.753765523477189,0.747871208146766,0.739044220070072,,
ERR262943,39948,genus,0.002666,Dialister,n__cellular organisms__131567,sk__Bacteria__2,cl__Terrabacteria group__1783272,p__Bacillota__1239,c__Negativicutes__909932,o__Veillonellales__1843489,f__Veillonellaceae__31977,g__Dialister__39948,0.621347707855152,0.726173808152425,0.724837862794889,0.725996611865915,0.618902981186427,0.620323368814889,0.613410140035646,0.598462691030583,,,
ERR262943,31977,family,0.002666,Veillonellaceae,n__cellular organisms__131567,sk__Bacteria__2,cl__Terrabacteria group__1783272,p__Bacillota__1239,c__Negativicutes__909932,o__Veillonellales__1843489,f__Veillonellaceae__31977,0.479662880175859,0.591112258397982,0.587037732616087,0.590698691842194,0.467499310792967,0.468947496384322,0.458820458979004,0.432636733054901,,,,
ERR262943,1843489,order,0.002666,Veillonellales,n__cellular organisms__131567,sk__Bacteria__2,cl__Terrabacteria group__1783272,p__Bacillota__1239,c__Negativicutes__909932,o__Veillonellales__1843489,0.479662880175859,0.591112258397982,0.587037732616087,0.590698691842194,0.467499310792967,0.468947496384322,0.458820458979004,0.432636733054901,,,,,
ERR262943,909932,class,0.002666,Negativicutes,n__cellular organisms__131567,sk__Bacteria__2,cl__Terrabacteria group__1783272,p__Bacillota__1239,c__Negativicutes__909932,0.133821912788571,0.11098890892582,0.108804258075875,0.120380886207185,0.119597674393358,0.120659638908636,0.113586132182758,0.100194881226419,,,,,,
ERR262943,1647988,family,0.001036,Akkermansiaceae,n__cellular organisms__131567,sk__Bacteria__2,cl__PVC group__1783257,p__Verrucomicrobiota__74201,c__Verrucomicrobiae__203494,o__Verrucomicrobiales__48461,f__Akkermansiaceae__1647988,0.593990472700578,0.808068290298536,0.805540838989926,0.81037119288952,0.574573774849434,0.575315569541665,0.799345364448438,0.546243331369629,,,,
ERR262943,48461,order,0.001036,Verrucomicrobiales,n__cellular organisms__131567,sk__Bacteria__2,cl__PVC group__1783257,p__Verrucomicrobiota__74201,c__Verrucomicrobiae__203494,o__Verrucomicrobiales__48461,0.593990472700578,0.808068290298536,0.805540838989926,0.81037119288952,0.574573774849434,0.575315569541665,0.799345364448438,0.546243331369629,,,,,
ERR262943,203494,class,0.001036,Verrucomicrobiae,n__cellular organisms__131567,sk__Bacteria__2,cl__PVC group__1783257,p__Verrucomicrobiota__74201,c__Verrucomicrobiae__203494,0.593990472700578,0.808068290298536,0.805540838989926,0.81037119288952,0.574573774849434,0.575315569541665,0.799345364448438,0.546243331369629,,,,,,
ERR262943,74201,phylum,0.001036,Verrucomicrobiota,n__cellular organisms__131567,sk__Bacteria__2,cl__PVC group__1783257,p__Verrucomicrobiota__74201,0.593990472700578,0.808068290298536,0.805540838989926,0.81037119288952,0.574573774849434,0.575315569541665,0.799345364448438,0.546243331369629,,,,,,,
ERR262943,1783257,clade,0.001036,PVC group,n__cellular organisms__131567,sk__Bacteria__2,cl__PVC group__1783257,0.555858373030374,0.793795231349537,0.79226168919548,0.798128194555679,0.533357696498082,0.534374948011698,0.792227603787336,0.498906053263126,,,,,,,,
ERR262943,2184759,species,0.029715,Bacteroides sp. NMBE5,n__cellular organisms__131567,sk__Bacteria__2,cl__FCB group__1783270,cl__Bacteroidota/Chlorobiota group__68336,p__Bacteroidota__976,c__Bacteroidia__200643,o__Bacteroidales__171549,f__Bacteroidaceae__815,g__Bacteroides__816,n__unclassified Bacteroides__2646097,s__Bacteroides sp. NMBE5__2184759,0.803661847496511,0.755246401759999,0.753671898402824,0.753526295387405,0.799837564421021,0.802442644409044,0.791493143270515,0.767690569585305
ERR262943,2646097,no rank,0.029715,unclassified Bacteroides,n__cellular organisms__131567,sk__Bacteria__2,cl__FCB group__1783270,cl__Bacteroidota/Chlorobiota group__68336,p__Bacteroidota__976,c__Bacteroidia__200643,o__Bacteroidales__171549,f__Bacteroidaceae__815,g__Bacteroides__816,n__unclassified Bacteroides__2646097,0.347689481346488,0.103309164410392,0.100543929824301,0.0978866573344552,0.324017059059777,0.332311901118564,0.299557695141188,0.235117180832805,
ERR262943,816,genus,0.067892,Bacteroides,n__cellular organisms__131567,sk__Bacteria__2,cl__FCB group__1783270,cl__Bacteroidota/Chlorobiota group__68336,p__Bacteroidota__976,c__Bacteroidia__200643,o__Bacteroidales__171549,f__Bacteroidaceae__815,g__Bacteroides__816,0.23503204068318,0.0548060834700722,0.0523193124613641,0.0549599125833259,0.218692130701506,0.221532747990822,0.203733131621855,0.157059576594532,,
ERR262943,815,family,0.09911,Bacteroidaceae,n__cellular organisms__131567,sk__Bacteria__2,cl__FCB group__1783270,cl__Bacteroidota/Chlorobiota group__68336,p__Bacteroidota__976,c__Bacteroidia__200643,o__Bacteroidales__171549,f__Bacteroidaceae__815,0.206377408343139,0.0489042577593888,0.0473604300700214,0.0498988991826244,0.189226298976381,0.19228584616855,0.171494547380576,0.133487058366827,,,
ERR262943,171549,order,0.111461,Bacteroidales,n__cellular organisms__131567,sk__Bacteria__2,cl__FCB group__1783270,cl__Bacteroidota/Chlorobiota group__68336,p__Bacteroidota__976,c__Bacteroidia__200643,o__Bacteroidales__171549,0.087865952440648,0.0206060664707686,0.0204350374851543,0.0217609304005808,0.0792660302861653,0.0799384410969988,0.0747917808610261,0.0648182574105655,,,,
ERR262943,200643,class,0.111461,Bacteroidia,n__cellular organisms__131567,sk__Bacteria__2,cl__FCB group__1783270,cl__Bacteroidota/Chlorobiota group__68336,p__Bacteroidota__976,c__Bacteroidia__200643,0.087865952440648,0.0206060664707686,0.0204350374851543,0.0221248195812014,0.0792660302861653,0.0799384410969988,0.0747917808610261,0.0648182574105655,,,,,
ERR262943,976,phylum,0.111461,Bacteroidota,n__cellular organisms__131567,sk__Bacteria__2,cl__FCB group__1783270,cl__Bacteroidota/Chlorobiota group__68336,p__Bacteroidota__976,0.087865952440648,0.0199939464952534,0.0198229175096391,0.0215126996056862,0.0792660302861653,0.0799384410969988,0.0747917808610261,0.0648182574105655,,,,,,
ERR262943,68336,clade,0.111461,Bacteroidota/Chlorobiota group,n__cellular organisms__131567,sk__Bacteria__2,cl__FCB group__1783270,cl__Bacteroidota/Chlorobiota group__68336,0.087865952440648,0.0199939464952534,0.0198229175096391,0.0215126996056862,0.0792660302861653,0.0799384410969988,0.0747917808610261,0.0648182574105655,,,,,,,
ERR262943,1783270,clade,0.111461,FCB group,n__cellular organisms__131567,sk__Bacteria__2,cl__FCB group__1783270,0.087865952440648,0.0199939464952534,0.0198229175096391,0.0215126996056862,0.0792660302861653,0.0799384410969988,0.0747917808610261,0.0648182574105655,,,,,,,,
ERR262943,997887,strain,0.015771,Bacteroides salyersiae CL02T12C01,n__cellular organisms__131567,sk__Bacteria__2,cl__FCB group__1783270,cl__Bacteroidota/Chlorobiota group__68336,p__Bacteroidota__976,c__Bacteroidia__200643,o__Bacteroidales__171549,f__Bacteroidaceae__815,g__Bacteroides__816,s__Bacteroides salyersiae__291644,st__Bacteroides salyersiae CL02T12C01__997887,0.978705295762727,0.9801836768687,0.979875265246614,0.979895964715631,0.977973797399856,0.978229847782882,0.976362815878882,0.954230765366733
ERR262943,291644,species,0.015771,Bacteroides salyersiae,n__cellular organisms__131567,sk__Bacteria__2,cl__FCB group__1783270,cl__Bacteroidota/Chlorobiota group__68336,p__Bacteroidota__976,c__Bacteroidia__200643,o__Bacteroidales__171549,f__Bacteroidaceae__815,g__Bacteroides__816,s__Bacteroides salyersiae__291644,0.975214150401376,0.976656785373284,0.976354926028094,0.97636557873032,0.974097037554927,0.974557077323347,0.972282016042114,0.947437662137316,
ERR262943,411901,strain,0.008251,Bacteroides caccae ATCC 43185,n__cellular organisms__131567,sk__Bacteria__2,cl__FCB group__1783270,cl__Bacteroidota/Chlorobiota group__68336,p__Bacteroidota__976,c__Bacteroidia__200643,o__Bacteroidales__171549,f__Bacteroidaceae__815,g__Bacteroides__816,s__Bacteroides caccae__47678,st__Bacteroides caccae ATCC 43185__411901,0.755212049912181,0.848329209966758,0.842943618051412,0.840013867275386,0.737736843903366,0.741822315053524,0.724524194792499,0.694428228652072
ERR262943,47678,species,0.008251,Bacteroides caccae,n__cellular organisms__131567,sk__Bacteria__2,cl__FCB group__1783270,cl__Bacteroidota/Chlorobiota group__68336,p__Bacteroidota__976,c__Bacteroidia__200643,o__Bacteroidales__171549,f__Bacteroidaceae__815,g__Bacteroides__816,s__Bacteroides caccae__47678,0.652060712425937,0.750224076369418,0.740923360379957,0.731383005557028,0.638981487853591,0.646193888324811,0.617051973920476,0.553331914469107,
ERR262943,665954,strain,0.006748,Bacteroides ovatus 3_8_47FAA,n__cellular organisms__131567,sk__Bacteria__2,cl__FCB group__1783270,cl__Bacteroidota/Chlorobiota group__68336,p__Bacteroidota__976,c__Bacteroidia__200643,o__Bacteroidales__171549,f__Bacteroidaceae__815,g__Bacteroides__816,s__Bacteroides ovatus__28116,st__Bacteroides ovatus 3_8_47FAA__665954,0.911994625625903,0.947311313873871,0.946899905569029,0.946986980435405,0.908484545694749,0.909246701340657,0.905621026784003,0.895149045607135
ERR262943,28116,species,0.006748,Bacteroides ovatus,n__cellular organisms__131567,sk__Bacteria__2,cl__FCB group__1783270,cl__Bacteroidota/Chlorobiota group__68336,p__Bacteroidota__976,c__Bacteroidia__200643,o__Bacteroidales__171549,f__Bacteroidaceae__815,g__Bacteroides__816,s__Bacteroides ovatus__28116,0.558429661214524,0.642956042392909,0.63333824357277,0.619810508924359,0.535062609178238,0.542338744563016,0.509674833075076,0.431806014616661,
ERR262943,997890,strain,0.004632,Bacteroides uniformis CL03T12C37,n__cellular organisms__131567,sk__Bacteria__2,cl__FCB group__1783270,cl__Bacteroidota/Chlorobiota group__68336,p__Bacteroidota__976,c__Bacteroidia__200643,o__Bacteroidales__171549,f__Bacteroidaceae__815,g__Bacteroides__816,s__Bacteroides uniformis__820,st__Bacteroides uniformis CL03T12C37__997890,0.984903877607939,0.988447352229337,0.98824832821763,0.988310046434413,0.984440630607943,0.984482686112915,0.984280731706115,0.983739327784144
ERR262943,820,species,0.004632,Bacteroides uniformis,n__cellular organisms__131567,sk__Bacteria__2,cl__FCB group__1783270,cl__Bacteroidota/Chlorobiota group__68336,p__Bacteroidota__976,c__Bacteroidia__200643,o__Bacteroidales__171549,f__Bacteroidaceae__815,g__Bacteroides__816,s__Bacteroides uniformis__820,0.301626861811045,0.283310026058139,0.281548548523359,0.281295958649238,0.276049860234973,0.277831283941858,0.270894703137325,0.253075320434847,
ERR262943,665953,strain,0.002775,Bacteroides eggerthii 1_2_48FAA,n__cellular organisms__131567,sk__Bacteria__2,cl__FCB group__1783270,cl__Bacteroidota/Chlorobiota group__68336,p__Bacteroidota__976,c__Bacteroidia__200643,o__Bacteroidales__171549,f__Bacteroidaceae__815,g__Bacteroides__816,s__Bacteroides eggerthii__28111,st__Bacteroides eggerthii 1_2_48FAA__665953,0.801714913887797,0.904854450760884,0.903691608854772,0.903683970064636,0.789082844226102,0.790100673477788,0.781672452030396,0.764416987964932
ERR262943,28111,species,0.002775,Bacteroides eggerthii,n__cellular organisms__131567,sk__Bacteria__2,cl__FCB group__1783270,cl__Bacteroidota/Chlorobiota group__68336,p__Bacteroidota__976,c__Bacteroidia__200643,o__Bacteroidales__171549,f__Bacteroidaceae__815,g__Bacteroides__816,s__Bacteroides eggerthii__28111,0.754438855391518,0.887169098760911,0.886092969184755,0.885464653259998,0.736644406920029,0.738912106409464,0.723929134340135,0.695247430731722,
ERR262943,435590,strain,0.026535,Phocaeicola vulgatus ATCC 8482,n__cellular organisms__131567,sk__Bacteria__2,cl__FCB group__1783270,cl__Bacteroidota/Chlorobiota group__68336,p__Bacteroidota__976,c__Bacteroidia__200643,o__Bacteroidales__171549,f__Bacteroidaceae__815,g__Phocaeicola__909656,s__Phocaeicola vulgatus__821,st__Phocaeicola vulgatus ATCC 8482__435590,0.93337451267592,0.913702532646416,0.912981797038402,0.913075562638592,0.932933943336951,0.934202550323993,0.928353903010327,0.913759861700388
ERR262943,821,species,0.026535,Phocaeicola vulgatus,n__cellular organisms__131567,sk__Bacteria__2,cl__FCB group__1783270,cl__Bacteroidota/Chlorobiota group__68336,p__Bacteroidota__976,c__Bacteroidia__200643,o__Bacteroidales__171549,f__Bacteroidaceae__815,g__Phocaeicola__909656,s__Phocaeicola vulgatus__821,0.510122755588094,0.253348124363144,0.248550409996668,0.239613823690122,0.488427835585341,0.497166952068043,0.455470320157829,0.365767600531088,
ERR262943,909656,genus,0.031218,Phocaeicola,n__cellular organisms__131567,sk__Bacteria__2,cl__FCB group__1783270,cl__Bacteroidota/Chlorobiota group__68336,p__Bacteroidota__976,c__Bacteroidia__200643,o__Bacteroidales__171549,f__Bacteroidaceae__815,g__Phocaeicola__909656,0.266533883379237,0.104082430357441,0.102194044405649,0.100558692984914,0.246196871578447,0.250530700671692,0.235187585026219,0.190460936573832,,
ERR262943,357276,species,0.004683,Phocaeicola dorei,n__cellular organisms__131567,sk__Bacteria__2,cl__FCB group__1783270,cl__Bacteroidota/Chlorobiota group__68336,p__Bacteroidota__976,c__Bacteroidia__200643,o__Bacteroidales__171549,f__Bacteroidaceae__815,g__Phocaeicola__909656,s__Phocaeicola dorei__357276,0.385955561477715,0.432823649086059,0.426457275116482,0.421070521182546,0.365688797324622,0.369823020097189,0.357163523048521,0.324652689839068,
ERR262943,999421,strain,0.002665,Parabacteroides merdae CL09T00C40,n__cellular organisms__131567,sk__Bacteria__2,cl__FCB group__1783270,cl__Bacteroidota/Chlorobiota group__68336,p__Bacteroidota__976,c__Bacteroidia__200643,o__Bacteroidales__171549,f__Tannerellaceae__2005525,g__Parabacteroides__375288,s__Parabacteroides merdae__46503,st__Parabacteroides merdae CL09T00C40__999421,0.925813161468234,0.971937331702618,0.971341050426326,0.971515695582951,0.924549782973818,0.924889796503428,0.922608463267125,0.917295879033218
ERR262943,46503,species,0.002665,Parabacteroides merdae,n__cellular organisms__131567,sk__Bacteria__2,cl__FCB group__1783270,cl__Bacteroidota/Chlorobiota group__68336,p__Bacteroidota__976,c__Bacteroidia__200643,o__Bacteroidales__171549,f__Tannerellaceae__2005525,g__Parabacteroides__375288,s__Parabacteroides merdae__46503,0.460745694393524,0.619085866680644,0.614164855699846,0.609316326247996,0.445009451769942,0.446349041890977,0.435164435779521,0.411340691308723,
ERR262943,375288,genus,0.002665,Parabacteroides,n__cellular organisms__131567,sk__Bacteria__2,cl__FCB group__1783270,cl__Bacteroidota/Chlorobiota group__68336,p__Bacteroidota__976,c__Bacteroidia__200643,o__Bacteroidales__171549,f__Tannerellaceae__2005525,g__Parabacteroides__375288,0.15267429393483,0.127766701002974,0.125393804254522,0.13737839991117,0.132218255380535,0.132893747980564,0.125541109661348,0.113765700096365,,
ERR262943,2005525,family,0.003279,Tannerellaceae,n__cellular organisms__131567,sk__Bacteria__2,cl__FCB group__1783270,cl__Bacteroidota/Chlorobiota group__68336,p__Bacteroidota__976,c__Bacteroidia__200643,o__Bacteroidales__171549,f__Tannerellaceae__2005525,0.160454957474303,0.12908012932007,0.126093326137695,0.136375729338814,0.137660238169345,0.138460346159852,0.134278713233454,0.120418555946226,,,
ERR262943,665949,species,0.000614,Tannerella sp. 6_1_58FAA_CT1,n__cellular organisms__131567,sk__Bacteria__2,cl__FCB group__1783270,cl__Bacteroidota/Chlorobiota group__68336,p__Bacteroidota__976,c__Bacteroidia__200643,o__Bacteroidales__171549,f__Tannerellaceae__2005525,g__Tannerella__195950,n__unclassified Tannerella__2620507,s__Tannerella sp. 6_1_58FAA_CT1__665949,0.791987296934093,0.997082192759745,0.996292044618788,0.996270302754935,0.776477240790999,0.777713611508544,0.773554110691118,0.751722128689508
ERR262943,2620507,no rank,0.000614,unclassified Tannerella,n__cellular organisms__131567,sk__Bacteria__2,cl__FCB group__1783270,cl__Bacteroidota/Chlorobiota group__68336,p__Bacteroidota__976,c__Bacteroidia__200643,o__Bacteroidales__171549,f__Tannerellaceae__2005525,g__Tannerella__195950,n__unclassified Tannerella__2620507,0.755561953619783,0.992700850563228,0.992519151907694,0.992500968274164,0.737301562358031,0.738537933075576,0.734174392266311,0.710005503717962,
ERR262943,195950,genus,0.000614,Tannerella,n__cellular organisms__131567,sk__Bacteria__2,cl__FCB group__1783270,cl__Bacteroidota/Chlorobiota group__68336,p__Bacteroidota__976,c__Bacteroidia__200643,o__Bacteroidales__171549,f__Tannerellaceae__2005525,g__Tannerella__195950,0.755561953619783,0.992700850563228,0.992519151907694,0.992500968274164,0.737301562358031,0.738537933075576,0.734174392266311,0.710005503717962,,
ERR262943,742726,strain,0.002909,Barnesiella intestinihominis YIT 11860,n__cellular organisms__131567,sk__Bacteria__2,cl__FCB group__1783270,cl__Bacteroidota/Chlorobiota group__68336,p__Bacteroidota__976,c__Bacteroidia__200643,o__Bacteroidales__171549,f__Barnesiellaceae__2005519,g__Barnesiella__397864,s__Barnesiella intestinihominis__487174,st__Barnesiella intestinihominis YIT 11860__742726,0.581721699713595,0.747874025479381,0.742858313925647,0.741536490145255,0.564045136843641,0.56554741854925,0.557613861805844,0.533143759278332
ERR262943,487174,species,0.002909,Barnesiella intestinihominis,n__cellular organisms__131567,sk__Bacteria__2,cl__FCB group__1783270,cl__Bacteroidota/Chlorobiota group__68336,p__Bacteroidota__976,c__Bacteroidia__200643,o__Bacteroidales__171549,f__Barnesiellaceae__2005519,g__Barnesiella__397864,s__Barnesiella intestinihominis__487174,0.581721699713595,0.747874025479381,0.742858313925647,0.741536490145255,0.564045136843641,0.56554741854925,0.557613861805844,0.533143759278332,
ERR262943,397864,genus,0.002909,Barnesiella,n__cellular organisms__131567,sk__Bacteria__2,cl__FCB group__1783270,cl__Bacteroidota/Chlorobiota group__68336,p__Bacteroidota__976,c__Bacteroidia__200643,o__Bacteroidales__171549,f__Barnesiellaceae__2005519,g__Barnesiella__397864,0.579523092165043,0.744883233032124,0.739926137815853,0.741544213966631,0.562004736925258,0.563507018630866,0.55557346188746,0.530675830580433,,
ERR262943,2005519,family,0.002909,Barnesiellaceae,n__cellular organisms__131567,sk__Bacteria__2,cl__FCB group__1783270,cl__Bacteroidota/Chlorobiota group__68336,p__Bacteroidota__976,c__Bacteroidia__200643,o__Bacteroidales__171549,f__Barnesiellaceae__2005519,0.560245178053859,0.714335329474148,0.706349890184681,0.706240442796125,0.540356267193774,0.542490899471513,0.53008654340756,0.500127662719337,,,
ERR262943,679935,strain,0.001153,Alistipes finegoldii DSM 17242,n__cellular organisms__131567,sk__Bacteria__2,cl__FCB group__1783270,cl__Bacteroidota/Chlorobiota group__68336,p__Bacteroidota__976,c__Bacteroidia__200643,o__Bacteroidales__171549,f__Rikenellaceae__171550,g__Alistipes__239759,s__Alistipes finegoldii__214856,st__Alistipes finegoldii DSM 17242__679935,0.442240747526543,0.767131814902561,0.761808399222826,0.753830573686019,0.414258350304896,0.422229249937862,0.400684148940887,0.370681426880527
ERR262943,214856,species,0.001153,Alistipes finegoldii,n__cellular organisms__131567,sk__Bacteria__2,cl__FCB group__1783270,cl__Bacteroidota/Chlorobiota group__68336,p__Bacteroidota__976,c__Bacteroidia__200643,o__Bacteroidales__171549,f__Rikenellaceae__171550,g__Alistipes__239759,s__Alistipes finegoldii__214856,0.442240747526543,0.767131814902561,0.761808399222826,0.753830573686019,0.414258350304896,0.422229249937862,0.400684148940887,0.370681426880527,
ERR262943,239759,genus,0.003195,Alistipes,n__cellular organisms__131567,sk__Bacteria__2,cl__FCB group__1783270,cl__Bacteroidota/Chlorobiota group__68336,p__Bacteroidota__976,c__Bacteroidia__200643,o__Bacteroidales__171549,f__Rikenellaceae__171550,g__Alistipes__239759,0.178621595211923,0.156007339187219,0.155271098689958,0.166751844075925,0.1590403266472,0.159515854930694,0.155098119396571,0.147406733901405,,
ERR262943,171550,family,0.003195,Rikenellaceae,n__cellular organisms__131567,sk__Bacteria__2,cl__FCB group__1783270,cl__Bacteroidota/Chlorobiota group__68336,p__Bacteroidota__976,c__Bacteroidia__200643,o__Bacteroidales__171549,f__Rikenellaceae__171550,0.177888726029072,0.155519237723727,0.154659076982825,0.165751142414164,0.158632246663523,0.159107774947017,0.154690039412894,0.147103439478024,,,
ERR262943,445970,strain,0.002042,Alistipes putredinis DSM 17216,n__cellular organisms__131567,sk__Bacteria__2,cl__FCB group__1783270,cl__Bacteroidota/Chlorobiota group__68336,p__Bacteroidota__976,c__Bacteroidia__200643,o__Bacteroidales__171549,f__Rikenellaceae__171550,g__Alistipes__239759,s__Alistipes putredinis__28117,st__Alistipes putredinis DSM 17216__445970,0.341126706708929,0.367492067240583,0.366657856241854,0.366628238833842,0.323197832686999,0.323748445134273,0.320220288061774,0.309841711084348
ERR262943,28117,species,0.002042,Alistipes putredinis,n__cellular organisms__131567,sk__Bacteria__2,cl__FCB group__1783270,cl__Bacteroidota/Chlorobiota group__68336,p__Bacteroidota__976,c__Bacteroidia__200643,o__Bacteroidales__171549,f__Rikenellaceae__171550,g__Alistipes__239759,s__Alistipes putredinis__28117,0.341126706708929,0.367492067240583,0.366657856241854,0.366628238833842,0.323197832686999,0.323748445134273,0.320220288061774,0.309841711084348,
